position	z_dim	z_name	lda_coef
1	1	Z1_hydrophil	-0.1001
1	2	Z2_steric	-0.1863
1	3	Z3_electronic	-0.3013
1	4	Z4_electro	0.0773
1	5	Z5_proline	0.0526
2	1	Z1_hydrophil	0.0818
2	2	Z2_steric	-0.0685
2	3	Z3_electronic	0.0533
2	4	Z4_electro	-0.0198
2	5	Z5_proline	0.3618
3	1	Z1_hydrophil	-0.0165
3	2	Z2_steric	0.0922
3	3	Z3_electronic	-0.2241
3	4	Z4_electro	0.1701
3	5	Z5_proline	-0.6711
4	1	Z1_hydrophil	0.0199
4	2	Z2_steric	0.0192
4	3	Z3_electronic	-0.3308
4	4	Z4_electro	0.2058
4	5	Z5_proline	0.0454
5	1	Z1_hydrophil	-0.1667
5	2	Z2_steric	-0.1388
5	3	Z3_electronic	-0.4824
5	4	Z4_electro	-0.2865
5	5	Z5_proline	0.0498
6	1	Z1_hydrophil	0.0579
6	2	Z2_steric	0.0967
6	3	Z3_electronic	0.297
6	4	Z4_electro	0.1832
6	5	Z5_proline	-0.4465
7	1	Z1_hydrophil	-0.2473
7	2	Z2_steric	0.164
7	3	Z3_electronic	-0.5388
7	4	Z4_electro	0.2934
7	5	Z5_proline	0.2106
8	1	Z1_hydrophil	-0.1521
8	2	Z2_steric	0.0131
8	3	Z3_electronic	-0.3773
8	4	Z4_electro	0.4383
8	5	Z5_proline	-0.5174
9	1	Z1_hydrophil	-0.1836
9	2	Z2_steric	0.1158
9	3	Z3_electronic	-0.0176
9	4	Z4_electro	-0.1889
9	5	Z5_proline	-0.7763
10	1	Z1_hydrophil	0.5056
10	2	Z2_steric	0.2196
10	3	Z3_electronic	0.2319
10	4	Z4_electro	-0.2734
10	5	Z5_proline	0.3816
11	1	Z1_hydrophil	-0.0541
11	2	Z2_steric	-0.0466
11	3	Z3_electronic	-0.2537
11	4	Z4_electro	-0.0888
11	5	Z5_proline	-0.25
12	1	Z1_hydrophil	0.0163
12	2	Z2_steric	-0.0805
12	3	Z3_electronic	-0.5237
12	4	Z4_electro	0.1505
12	5	Z5_proline	0.4885
13	1	Z1_hydrophil	-0.2705
13	2	Z2_steric	-0.1635
13	3	Z3_electronic	-0.1712
13	4	Z4_electro	-0.1087
13	5	Z5_proline	-0.0298
14	1	Z1_hydrophil	0.1462
14	2	Z2_steric	-0.1342
14	3	Z3_electronic	-0.0077
14	4	Z4_electro	-0.5568
14	5	Z5_proline	0.7766
15	1	Z1_hydrophil	-0.015
15	2	Z2_steric	-0.0656
15	3	Z3_electronic	-0.115
15	4	Z4_electro	0.1505
15	5	Z5_proline	0.1936
16	1	Z1_hydrophil	0.1007
16	2	Z2_steric	0.2723
16	3	Z3_electronic	-0.117
16	4	Z4_electro	-1.2301
16	5	Z5_proline	-0.6867
17	1	Z1_hydrophil	0.2078
17	2	Z2_steric	-0.4472
17	3	Z3_electronic	0.6509
17	4	Z4_electro	0.4285
17	5	Z5_proline	-0.0626
18	1	Z1_hydrophil	-0.072
18	2	Z2_steric	0.182
18	3	Z3_electronic	-0.358
18	4	Z4_electro	-0.0095
18	5	Z5_proline	-0.424
19	1	Z1_hydrophil	-0.0165
19	2	Z2_steric	0.153
19	3	Z3_electronic	-0.0311
19	4	Z4_electro	0.1397
19	5	Z5_proline	0.0075
20	1	Z1_hydrophil	0.0186
20	2	Z2_steric	0.2511
20	3	Z3_electronic	0.2422
20	4	Z4_electro	0.0335
20	5	Z5_proline	-0.3766
21	1	Z1_hydrophil	-0.4501
21	2	Z2_steric	0.185
21	3	Z3_electronic	-0.0856
21	4	Z4_electro	0.5173
21	5	Z5_proline	0.6023
22	1	Z1_hydrophil	0.0301
22	2	Z2_steric	0.4827
22	3	Z3_electronic	0.3826
22	4	Z4_electro	0.5443
22	5	Z5_proline	-0.0132
23	1	Z1_hydrophil	0.4953
23	2	Z2_steric	1.0456
23	3	Z3_electronic	0.4482
23	4	Z4_electro	-2.8995
23	5	Z5_proline	0.9519
24	1	Z1_hydrophil	-0.0494
24	2	Z2_steric	-0.1336
24	3	Z3_electronic	-0.5197
24	4	Z4_electro	-0.2933
24	5	Z5_proline	0.4931
25	1	Z1_hydrophil	-0.2491
25	2	Z2_steric	0.5879
25	3	Z3_electronic	-0.1658
25	4	Z4_electro	0.8676
25	5	Z5_proline	-0.0517
26	1	Z1_hydrophil	0.0043
26	2	Z2_steric	-0.2326
26	3	Z3_electronic	-0.2266
26	4	Z4_electro	-0.2864
26	5	Z5_proline	0.2976
27	1	Z1_hydrophil	0.3635
27	2	Z2_steric	0.1021
27	3	Z3_electronic	-0.0013
27	4	Z4_electro	-0.869
27	5	Z5_proline	-0.2021
28	1	Z1_hydrophil	-0.0287
28	2	Z2_steric	-0.0663
28	3	Z3_electronic	0.0368
28	4	Z4_electro	0.0703
28	5	Z5_proline	-0.3104
29	1	Z1_hydrophil	0.1197
29	2	Z2_steric	0.0986
29	3	Z3_electronic	0.157
29	4	Z4_electro	-0.0951
29	5	Z5_proline	-0.4735
30	1	Z1_hydrophil	-0.1411
30	2	Z2_steric	-0.2489
30	3	Z3_electronic	-0.1489
30	4	Z4_electro	0.0616
30	5	Z5_proline	-0.0093
31	1	Z1_hydrophil	-0.0759
31	2	Z2_steric	0.1982
31	3	Z3_electronic	-0.0228
31	4	Z4_electro	0.1477
31	5	Z5_proline	-0.144
32	1	Z1_hydrophil	0.0539
32	2	Z2_steric	-0.1552
32	3	Z3_electronic	-0.0434
32	4	Z4_electro	-0.0483
32	5	Z5_proline	-0.0205
33	1	Z1_hydrophil	-0.0993
33	2	Z2_steric	-0.1585
33	3	Z3_electronic	-0.0029
33	4	Z4_electro	0.1471
33	5	Z5_proline	-0.4211
34	1	Z1_hydrophil	0.093
34	2	Z2_steric	-0.2662
34	3	Z3_electronic	-0.159
34	4	Z4_electro	0.2006
34	5	Z5_proline	-0.2342
35	1	Z1_hydrophil	0.0114
35	2	Z2_steric	-0.2275
35	3	Z3_electronic	-0.4788
35	4	Z4_electro	-0.2243
35	5	Z5_proline	-0.0671
