protein,position,resnr
NPF8.2_Q9LFB8,1,42.0
NPF8.2_Q9LFB8,2,43.0
NPF8.2_Q9LFB8,3,46.0
NPF8.2_Q9LFB8,4,47.0
NPF8.2_Q9LFB8,5,50.0
NPF8.2_Q9LFB8,6,83.0
NPF8.2_Q9LFB8,7,153.0
NPF8.2_Q9LFB8,8,154.0
NPF8.2_Q9LFB8,9,156.0
NPF8.2_Q9LFB8,10,157.0
NPF8.2_Q9LFB8,11,158.0
NPF8.2_Q9LFB8,12,161.0
NPF8.2_Q9LFB8,13,187.0
NPF8.2_Q9LFB8,14,190.0
NPF8.2_Q9LFB8,15,191.0
NPF8.2_Q9LFB8,16,194.0
NPF8.2_Q9LFB8,17,339.0
NPF8.2_Q9LFB8,18,342.0
NPF8.2_Q9LFB8,19,343.0
NPF8.2_Q9LFB8,20,346.0
NPF8.2_Q9LFB8,21,347.0
NPF8.2_Q9LFB8,22,348.0
NPF8.2_Q9LFB8,23,351.0
NPF8.2_Q9LFB8,24,383.0
NPF8.2_Q9LFB8,25,387.0
NPF8.2_Q9LFB8,26,467.0
NPF8.2_Q9LFB8,27,468.0
NPF8.2_Q9LFB8,28,472.0
NPF8.2_Q9LFB8,29,476.0
NPF8.2_Q9LFB8,30,492.0
NPF8.2_Q9LFB8,31,495.0
NPF8.2_Q9LFB8,32,496.0
NPF8.2_Q9LFB8,33,499.0
NPF8.2_Q9LFB8,34,500.0
NPF8.2_Q9LFB8,35,503.0
NPF8.1_Q9M390,1,41.0
NPF8.1_Q9M390,2,42.0
NPF8.1_Q9M390,3,45.0
NPF8.1_Q9M390,4,46.0
NPF8.1_Q9M390,5,49.0
NPF8.1_Q9M390,6,82.0
NPF8.1_Q9M390,7,153.0
NPF8.1_Q9M390,8,154.0
NPF8.1_Q9M390,9,156.0
NPF8.1_Q9M390,10,157.0
NPF8.1_Q9M390,11,158.0
NPF8.1_Q9M390,12,161.0
NPF8.1_Q9M390,13,187.0
NPF8.1_Q9M390,14,190.0
NPF8.1_Q9M390,15,191.0
NPF8.1_Q9M390,16,194.0
NPF8.1_Q9M390,17,339.0
NPF8.1_Q9M390,18,342.0
NPF8.1_Q9M390,19,343.0
NPF8.1_Q9M390,20,346.0
NPF8.1_Q9M390,21,347.0
NPF8.1_Q9M390,22,348.0
NPF8.1_Q9M390,23,351.0
NPF8.1_Q9M390,24,383.0
NPF8.1_Q9M390,25,387.0
NPF8.1_Q9M390,26,467.0
NPF8.1_Q9M390,27,468.0
NPF8.1_Q9M390,28,472.0
NPF8.1_Q9M390,29,476.0
NPF8.1_Q9M390,30,492.0
NPF8.1_Q9M390,31,495.0
NPF8.1_Q9M390,32,496.0
NPF8.1_Q9M390,33,499.0
NPF8.1_Q9M390,34,500.0
NPF8.1_Q9M390,35,503.0
NPF2.10_Q944G5,1,78.0
NPF2.10_Q944G5,2,79.0
NPF2.10_Q944G5,3,82.0
NPF2.10_Q944G5,4,83.0
NPF2.10_Q944G5,5,86.0
NPF2.10_Q944G5,6,119.0
NPF2.10_Q944G5,7,192.0
NPF2.10_Q944G5,8,193.0
NPF2.10_Q944G5,9,195.0
NPF2.10_Q944G5,10,196.0
NPF2.10_Q944G5,11,197.0
NPF2.10_Q944G5,12,200.0
NPF2.10_Q944G5,13,226.0
NPF2.10_Q944G5,14,229.0
NPF2.10_Q944G5,15,230.0
NPF2.10_Q944G5,16,233.0
NPF2.10_Q944G5,17,378.0
NPF2.10_Q944G5,18,381.0
NPF2.10_Q944G5,19,382.0
NPF2.10_Q944G5,20,385.0
NPF2.10_Q944G5,21,386.0
NPF2.10_Q944G5,22,387.0
NPF2.10_Q944G5,23,390.0
NPF2.10_Q944G5,24,423.0
NPF2.10_Q944G5,25,427.0
NPF2.10_Q944G5,26,512.0
NPF2.10_Q944G5,27,513.0
NPF2.10_Q944G5,28,517.0
NPF2.10_Q944G5,29,521.0
NPF2.10_Q944G5,30,537.0
NPF2.10_Q944G5,31,540.0
NPF2.10_Q944G5,32,541.0
NPF2.10_Q944G5,33,544.0
NPF2.10_Q944G5,34,545.0
NPF2.10_Q944G5,35,548.0
NPF7.3_Q9LQL2,1,54.0
NPF7.3_Q9LQL2,2,55.0
NPF7.3_Q9LQL2,3,58.0
NPF7.3_Q9LQL2,4,59.0
NPF7.3_Q9LQL2,5,62.0
NPF7.3_Q9LQL2,6,95.0
NPF7.3_Q9LQL2,7,169.0
NPF7.3_Q9LQL2,8,170.0
NPF7.3_Q9LQL2,9,172.0
NPF7.3_Q9LQL2,10,173.0
NPF7.3_Q9LQL2,11,174.0
NPF7.3_Q9LQL2,12,177.0
NPF7.3_Q9LQL2,13,203.0
NPF7.3_Q9LQL2,14,206.0
NPF7.3_Q9LQL2,15,207.0
NPF7.3_Q9LQL2,16,210.0
NPF7.3_Q9LQL2,17,360.0
NPF7.3_Q9LQL2,18,363.0
NPF7.3_Q9LQL2,19,364.0
NPF7.3_Q9LQL2,20,367.0
NPF7.3_Q9LQL2,21,368.0
NPF7.3_Q9LQL2,22,369.0
NPF7.3_Q9LQL2,23,372.0
NPF7.3_Q9LQL2,24,403.0
NPF7.3_Q9LQL2,25,407.0
NPF7.3_Q9LQL2,26,488.0
NPF7.3_Q9LQL2,27,489.0
NPF7.3_Q9LQL2,28,493.0
NPF7.3_Q9LQL2,29,497.0
NPF7.3_Q9LQL2,30,513.0
NPF7.3_Q9LQL2,31,516.0
NPF7.3_Q9LQL2,32,517.0
NPF7.3_Q9LQL2,33,520.0
NPF7.3_Q9LQL2,34,521.0
NPF7.3_Q9LQL2,35,524.0
NPF2.12_Q9LFX9,1,31.0
NPF2.12_Q9LFX9,2,32.0
NPF2.12_Q9LFX9,3,35.0
NPF2.12_Q9LFX9,4,36.0
NPF2.12_Q9LFX9,5,39.0
NPF2.12_Q9LFX9,6,72.0
NPF2.12_Q9LFX9,7,147.0
NPF2.12_Q9LFX9,8,148.0
NPF2.12_Q9LFX9,9,150.0
NPF2.12_Q9LFX9,10,151.0
NPF2.12_Q9LFX9,11,152.0
NPF2.12_Q9LFX9,12,155.0
NPF2.12_Q9LFX9,13,181.0
NPF2.12_Q9LFX9,14,184.0
NPF2.12_Q9LFX9,15,185.0
NPF2.12_Q9LFX9,16,188.0
NPF2.12_Q9LFX9,17,333.0
NPF2.12_Q9LFX9,18,336.0
NPF2.12_Q9LFX9,19,337.0
NPF2.12_Q9LFX9,20,340.0
NPF2.12_Q9LFX9,21,341.0
NPF2.12_Q9LFX9,22,342.0
NPF2.12_Q9LFX9,23,345.0
NPF2.12_Q9LFX9,24,377.0
NPF2.12_Q9LFX9,25,381.0
NPF2.12_Q9LFX9,26,452.0
NPF2.12_Q9LFX9,27,453.0
NPF2.12_Q9LFX9,28,457.0
NPF2.12_Q9LFX9,29,461.0
NPF2.12_Q9LFX9,30,477.0
NPF2.12_Q9LFX9,31,480.0
NPF2.12_Q9LFX9,32,481.0
NPF2.12_Q9LFX9,33,484.0
NPF2.12_Q9LFX9,34,485.0
NPF2.12_Q9LFX9,35,488.0
NPF7.2_Q8GXN2,1,45.0
NPF7.2_Q8GXN2,2,46.0
NPF7.2_Q8GXN2,3,49.0
NPF7.2_Q8GXN2,4,50.0
NPF7.2_Q8GXN2,5,53.0
NPF7.2_Q8GXN2,6,86.0
NPF7.2_Q8GXN2,7,160.0
NPF7.2_Q8GXN2,8,161.0
NPF7.2_Q8GXN2,9,163.0
NPF7.2_Q8GXN2,10,164.0
NPF7.2_Q8GXN2,11,165.0
NPF7.2_Q8GXN2,12,168.0
NPF7.2_Q8GXN2,13,194.0
NPF7.2_Q8GXN2,14,197.0
NPF7.2_Q8GXN2,15,198.0
NPF7.2_Q8GXN2,16,201.0
NPF7.2_Q8GXN2,17,347.0
NPF7.2_Q8GXN2,18,350.0
NPF7.2_Q8GXN2,19,351.0
NPF7.2_Q8GXN2,20,354.0
NPF7.2_Q8GXN2,21,355.0
NPF7.2_Q8GXN2,22,356.0
NPF7.2_Q8GXN2,23,359.0
NPF7.2_Q8GXN2,24,390.0
NPF7.2_Q8GXN2,25,394.0
NPF7.2_Q8GXN2,26,477.0
NPF7.2_Q8GXN2,27,478.0
NPF7.2_Q8GXN2,28,482.0
NPF7.2_Q8GXN2,29,486.0
NPF7.2_Q8GXN2,30,502.0
NPF7.2_Q8GXN2,31,505.0
NPF7.2_Q8GXN2,32,506.0
NPF7.2_Q8GXN2,33,509.0
NPF7.2_Q8GXN2,34,510.0
NPF7.2_Q8GXN2,35,513.0
NPF2.13_Q8RX77,1,68.0
NPF2.13_Q8RX77,2,69.0
NPF2.13_Q8RX77,3,72.0
NPF2.13_Q8RX77,4,73.0
NPF2.13_Q8RX77,5,76.0
NPF2.13_Q8RX77,6,109.0
NPF2.13_Q8RX77,7,184.0
NPF2.13_Q8RX77,8,185.0
NPF2.13_Q8RX77,9,187.0
NPF2.13_Q8RX77,10,188.0
NPF2.13_Q8RX77,11,189.0
NPF2.13_Q8RX77,12,192.0
NPF2.13_Q8RX77,13,218.0
NPF2.13_Q8RX77,14,221.0
NPF2.13_Q8RX77,15,222.0
NPF2.13_Q8RX77,16,225.0
NPF2.13_Q8RX77,17,371.0
NPF2.13_Q8RX77,18,374.0
NPF2.13_Q8RX77,19,375.0
NPF2.13_Q8RX77,20,378.0
NPF2.13_Q8RX77,21,379.0
NPF2.13_Q8RX77,22,380.0
NPF2.13_Q8RX77,23,383.0
NPF2.13_Q8RX77,24,415.0
NPF2.13_Q8RX77,25,419.0
NPF2.13_Q8RX77,26,498.0
NPF2.13_Q8RX77,27,499.0
NPF2.13_Q8RX77,28,503.0
NPF2.13_Q8RX77,29,507.0
NPF2.13_Q8RX77,30,523.0
NPF2.13_Q8RX77,31,526.0
NPF2.13_Q8RX77,32,527.0
NPF2.13_Q8RX77,33,530.0
NPF2.13_Q8RX77,34,531.0
NPF2.13_Q8RX77,35,534.0
NPF2.7_Q9M1E2,1,
NPF2.7_Q9M1E2,2,40.0
NPF2.7_Q9M1E2,3,43.0
NPF2.7_Q9M1E2,4,44.0
NPF2.7_Q9M1E2,5,47.0
NPF2.7_Q9M1E2,6,80.0
NPF2.7_Q9M1E2,7,154.0
NPF2.7_Q9M1E2,8,155.0
NPF2.7_Q9M1E2,9,157.0
NPF2.7_Q9M1E2,10,158.0
NPF2.7_Q9M1E2,11,159.0
NPF2.7_Q9M1E2,12,162.0
NPF2.7_Q9M1E2,13,183.0
NPF2.7_Q9M1E2,14,186.0
NPF2.7_Q9M1E2,15,187.0
NPF2.7_Q9M1E2,16,190.0
NPF2.7_Q9M1E2,17,326.0
NPF2.7_Q9M1E2,18,329.0
NPF2.7_Q9M1E2,19,330.0
NPF2.7_Q9M1E2,20,333.0
NPF2.7_Q9M1E2,21,334.0
NPF2.7_Q9M1E2,22,335.0
NPF2.7_Q9M1E2,23,338.0
NPF2.7_Q9M1E2,24,370.0
NPF2.7_Q9M1E2,25,374.0
NPF2.7_Q9M1E2,26,453.0
NPF2.7_Q9M1E2,27,454.0
NPF2.7_Q9M1E2,28,458.0
NPF2.7_Q9M1E2,29,462.0
NPF2.7_Q9M1E2,30,478.0
NPF2.7_Q9M1E2,31,481.0
NPF2.7_Q9M1E2,32,482.0
NPF2.7_Q9M1E2,33,485.0
NPF2.7_Q9M1E2,34,486.0
NPF2.7_Q9M1E2,35,489.0
NPF5.2_Q9FNL7,1,44.0
NPF5.2_Q9FNL7,2,45.0
NPF5.2_Q9FNL7,3,48.0
NPF5.2_Q9FNL7,4,49.0
NPF5.2_Q9FNL7,5,52.0
NPF5.2_Q9FNL7,6,85.0
NPF5.2_Q9FNL7,7,160.0
NPF5.2_Q9FNL7,8,161.0
NPF5.2_Q9FNL7,9,163.0
NPF5.2_Q9FNL7,10,164.0
NPF5.2_Q9FNL7,11,165.0
NPF5.2_Q9FNL7,12,168.0
NPF5.2_Q9FNL7,13,194.0
NPF5.2_Q9FNL7,14,197.0
NPF5.2_Q9FNL7,15,198.0
NPF5.2_Q9FNL7,16,201.0
NPF5.2_Q9FNL7,17,339.0
NPF5.2_Q9FNL7,18,342.0
NPF5.2_Q9FNL7,19,343.0
NPF5.2_Q9FNL7,20,346.0
NPF5.2_Q9FNL7,21,347.0
NPF5.2_Q9FNL7,22,348.0
NPF5.2_Q9FNL7,23,351.0
NPF5.2_Q9FNL7,24,383.0
NPF5.2_Q9FNL7,25,387.0
NPF5.2_Q9FNL7,26,469.0
NPF5.2_Q9FNL7,27,470.0
NPF5.2_Q9FNL7,28,474.0
NPF5.2_Q9FNL7,29,478.0
NPF5.2_Q9FNL7,30,494.0
NPF5.2_Q9FNL7,31,497.0
NPF5.2_Q9FNL7,32,498.0
NPF5.2_Q9FNL7,33,501.0
NPF5.2_Q9FNL7,34,502.0
NPF5.2_Q9FNL7,35,505.0
NPF8.3_P46032,1,58.0
NPF8.3_P46032,2,59.0
NPF8.3_P46032,3,62.0
NPF8.3_P46032,4,63.0
NPF8.3_P46032,5,66.0
NPF8.3_P46032,6,99.0
NPF8.3_P46032,7,171.0
NPF8.3_P46032,8,172.0
NPF8.3_P46032,9,174.0
NPF8.3_P46032,10,175.0
NPF8.3_P46032,11,176.0
NPF8.3_P46032,12,179.0
NPF8.3_P46032,13,205.0
NPF8.3_P46032,14,208.0
NPF8.3_P46032,15,209.0
NPF8.3_P46032,16,212.0
NPF8.3_P46032,17,357.0
NPF8.3_P46032,18,360.0
NPF8.3_P46032,19,361.0
NPF8.3_P46032,20,364.0
NPF8.3_P46032,21,365.0
NPF8.3_P46032,22,366.0
NPF8.3_P46032,23,369.0
NPF8.3_P46032,24,400.0
NPF8.3_P46032,25,404.0
NPF8.3_P46032,26,485.0
NPF8.3_P46032,27,486.0
NPF8.3_P46032,28,490.0
NPF8.3_P46032,29,494.0
NPF8.3_P46032,30,510.0
NPF8.3_P46032,31,513.0
NPF8.3_P46032,32,514.0
NPF8.3_P46032,33,517.0
NPF8.3_P46032,34,518.0
NPF8.3_P46032,35,521.0
NPF6.3_Q05085,1,44.0
NPF6.3_Q05085,2,45.0
NPF6.3_Q05085,3,48.0
NPF6.3_Q05085,4,49.0
NPF6.3_Q05085,5,52.0
NPF6.3_Q05085,6,85.0
NPF6.3_Q05085,7,160.0
NPF6.3_Q05085,8,161.0
NPF6.3_Q05085,9,163.0
NPF6.3_Q05085,10,164.0
NPF6.3_Q05085,11,165.0
NPF6.3_Q05085,12,168.0
NPF6.3_Q05085,13,194.0
NPF6.3_Q05085,14,197.0
NPF6.3_Q05085,15,198.0
NPF6.3_Q05085,16,201.0
NPF6.3_Q05085,17,349.0
NPF6.3_Q05085,18,352.0
NPF6.3_Q05085,19,353.0
NPF6.3_Q05085,20,356.0
NPF6.3_Q05085,21,357.0
NPF6.3_Q05085,22,358.0
NPF6.3_Q05085,23,361.0
NPF6.3_Q05085,24,392.0
NPF6.3_Q05085,25,396.0
NPF6.3_Q05085,26,475.0
NPF6.3_Q05085,27,476.0
NPF6.3_Q05085,28,480.0
NPF6.3_Q05085,29,484.0
NPF6.3_Q05085,30,500.0
NPF6.3_Q05085,31,503.0
NPF6.3_Q05085,32,504.0
NPF6.3_Q05085,33,507.0
NPF6.3_Q05085,34,508.0
NPF6.3_Q05085,35,511.0
NPF4.6_Q8H157,1,42.0
NPF4.6_Q8H157,2,43.0
NPF4.6_Q8H157,3,46.0
NPF4.6_Q8H157,4,47.0
NPF4.6_Q8H157,5,50.0
NPF4.6_Q8H157,6,83.0
NPF4.6_Q8H157,7,155.0
NPF4.6_Q8H157,8,156.0
NPF4.6_Q8H157,9,158.0
NPF4.6_Q8H157,10,159.0
NPF4.6_Q8H157,11,160.0
NPF4.6_Q8H157,12,163.0
NPF4.6_Q8H157,13,189.0
NPF4.6_Q8H157,14,192.0
NPF4.6_Q8H157,15,193.0
NPF4.6_Q8H157,16,196.0
NPF4.6_Q8H157,17,354.0
NPF4.6_Q8H157,18,357.0
NPF4.6_Q8H157,19,358.0
NPF4.6_Q8H157,20,361.0
NPF4.6_Q8H157,21,362.0
NPF4.6_Q8H157,22,363.0
NPF4.6_Q8H157,23,366.0
NPF4.6_Q8H157,24,397.0
NPF4.6_Q8H157,25,401.0
NPF4.6_Q8H157,26,482.0
NPF4.6_Q8H157,27,483.0
NPF4.6_Q8H157,28,487.0
NPF4.6_Q8H157,29,491.0
NPF4.6_Q8H157,30,507.0
NPF4.6_Q8H157,31,510.0
NPF4.6_Q8H157,32,511.0
NPF4.6_Q8H157,33,514.0
NPF4.6_Q8H157,34,515.0
NPF4.6_Q8H157,35,518.0
NPF5.12_Q9C7U1,1,51.0
NPF5.12_Q9C7U1,2,52.0
NPF5.12_Q9C7U1,3,55.0
NPF5.12_Q9C7U1,4,56.0
NPF5.12_Q9C7U1,5,59.0
NPF5.12_Q9C7U1,6,92.0
NPF5.12_Q9C7U1,7,162.0
NPF5.12_Q9C7U1,8,163.0
NPF5.12_Q9C7U1,9,165.0
NPF5.12_Q9C7U1,10,166.0
NPF5.12_Q9C7U1,11,167.0
NPF5.12_Q9C7U1,12,170.0
NPF5.12_Q9C7U1,13,196.0
NPF5.12_Q9C7U1,14,199.0
NPF5.12_Q9C7U1,15,200.0
NPF5.12_Q9C7U1,16,203.0
NPF5.12_Q9C7U1,17,326.0
NPF5.12_Q9C7U1,18,329.0
NPF5.12_Q9C7U1,19,330.0
NPF5.12_Q9C7U1,20,333.0
NPF5.12_Q9C7U1,21,334.0
NPF5.12_Q9C7U1,22,335.0
NPF5.12_Q9C7U1,23,338.0
NPF5.12_Q9C7U1,24,370.0
NPF5.12_Q9C7U1,25,374.0
NPF5.12_Q9C7U1,26,456.0
NPF5.12_Q9C7U1,27,457.0
NPF5.12_Q9C7U1,28,461.0
NPF5.12_Q9C7U1,29,465.0
NPF5.12_Q9C7U1,30,481.0
NPF5.12_Q9C7U1,31,484.0
NPF5.12_Q9C7U1,32,485.0
NPF5.12_Q9C7U1,33,488.0
NPF5.12_Q9C7U1,34,489.0
NPF5.12_Q9C7U1,35,492.0
NPF3.1_Q9SX20,1,40.0
NPF3.1_Q9SX20,2,41.0
NPF3.1_Q9SX20,3,44.0
NPF3.1_Q9SX20,4,45.0
NPF3.1_Q9SX20,5,48.0
NPF3.1_Q9SX20,6,81.0
NPF3.1_Q9SX20,7,154.0
NPF3.1_Q9SX20,8,155.0
NPF3.1_Q9SX20,9,157.0
NPF3.1_Q9SX20,10,158.0
NPF3.1_Q9SX20,11,159.0
NPF3.1_Q9SX20,12,162.0
NPF3.1_Q9SX20,13,188.0
NPF3.1_Q9SX20,14,191.0
NPF3.1_Q9SX20,15,192.0
NPF3.1_Q9SX20,16,195.0
NPF3.1_Q9SX20,17,341.0
NPF3.1_Q9SX20,18,344.0
NPF3.1_Q9SX20,19,345.0
NPF3.1_Q9SX20,20,348.0
NPF3.1_Q9SX20,21,349.0
NPF3.1_Q9SX20,22,350.0
NPF3.1_Q9SX20,23,353.0
NPF3.1_Q9SX20,24,385.0
NPF3.1_Q9SX20,25,389.0
NPF3.1_Q9SX20,26,471.0
NPF3.1_Q9SX20,27,472.0
NPF3.1_Q9SX20,28,476.0
NPF3.1_Q9SX20,29,480.0
NPF3.1_Q9SX20,30,496.0
NPF3.1_Q9SX20,31,499.0
NPF3.1_Q9SX20,32,500.0
NPF3.1_Q9SX20,33,503.0
NPF3.1_Q9SX20,34,504.0
NPF3.1_Q9SX20,35,507.0
NPF5.11_Q8RX67,1,42.0
NPF5.11_Q8RX67,2,43.0
NPF5.11_Q8RX67,3,46.0
NPF5.11_Q8RX67,4,47.0
NPF5.11_Q8RX67,5,50.0
NPF5.11_Q8RX67,6,83.0
NPF5.11_Q8RX67,7,147.0
NPF5.11_Q8RX67,8,148.0
NPF5.11_Q8RX67,9,150.0
NPF5.11_Q8RX67,10,151.0
NPF5.11_Q8RX67,11,152.0
NPF5.11_Q8RX67,12,155.0
NPF5.11_Q8RX67,13,181.0
NPF5.11_Q8RX67,14,184.0
NPF5.11_Q8RX67,15,185.0
NPF5.11_Q8RX67,16,188.0
NPF5.11_Q8RX67,17,314.0
NPF5.11_Q8RX67,18,317.0
NPF5.11_Q8RX67,19,318.0
NPF5.11_Q8RX67,20,321.0
NPF5.11_Q8RX67,21,322.0
NPF5.11_Q8RX67,22,323.0
NPF5.11_Q8RX67,23,326.0
NPF5.11_Q8RX67,24,358.0
NPF5.11_Q8RX67,25,362.0
NPF5.11_Q8RX67,26,437.0
NPF5.11_Q8RX67,27,438.0
NPF5.11_Q8RX67,28,442.0
NPF5.11_Q8RX67,29,446.0
NPF5.11_Q8RX67,30,462.0
NPF5.11_Q8RX67,31,465.0
NPF5.11_Q8RX67,32,466.0
NPF5.11_Q8RX67,33,469.0
NPF5.11_Q8RX67,34,470.0
NPF5.11_Q8RX67,35,473.0
NPF1.2_Q9M817,1,38.0
NPF1.2_Q9M817,2,39.0
NPF1.2_Q9M817,3,42.0
NPF1.2_Q9M817,4,43.0
NPF1.2_Q9M817,5,46.0
NPF1.2_Q9M817,6,79.0
NPF1.2_Q9M817,7,155.0
NPF1.2_Q9M817,8,156.0
NPF1.2_Q9M817,9,158.0
NPF1.2_Q9M817,10,159.0
NPF1.2_Q9M817,11,160.0
NPF1.2_Q9M817,12,163.0
NPF1.2_Q9M817,13,190.0
NPF1.2_Q9M817,14,193.0
NPF1.2_Q9M817,15,194.0
NPF1.2_Q9M817,16,197.0
NPF1.2_Q9M817,17,341.0
NPF1.2_Q9M817,18,344.0
NPF1.2_Q9M817,19,345.0
NPF1.2_Q9M817,20,348.0
NPF1.2_Q9M817,21,349.0
NPF1.2_Q9M817,22,350.0
NPF1.2_Q9M817,23,352.0
NPF1.2_Q9M817,24,387.0
NPF1.2_Q9M817,25,391.0
NPF1.2_Q9M817,26,473.0
NPF1.2_Q9M817,27,474.0
NPF1.2_Q9M817,28,478.0
NPF1.2_Q9M817,29,482.0
NPF1.2_Q9M817,30,498.0
NPF1.2_Q9M817,31,501.0
NPF1.2_Q9M817,32,502.0
NPF1.2_Q9M817,33,505.0
NPF1.2_Q9M817,34,506.0
NPF1.2_Q9M817,35,509.0
NPF2.9_Q9M9V7,1,36.0
NPF2.9_Q9M9V7,2,37.0
NPF2.9_Q9M9V7,3,40.0
NPF2.9_Q9M9V7,4,41.0
NPF2.9_Q9M9V7,5,44.0
NPF2.9_Q9M9V7,6,77.0
NPF2.9_Q9M9V7,7,152.0
NPF2.9_Q9M9V7,8,153.0
NPF2.9_Q9M9V7,9,155.0
NPF2.9_Q9M9V7,10,156.0
NPF2.9_Q9M9V7,11,157.0
NPF2.9_Q9M9V7,12,160.0
NPF2.9_Q9M9V7,13,186.0
NPF2.9_Q9M9V7,14,189.0
NPF2.9_Q9M9V7,15,190.0
NPF2.9_Q9M9V7,16,193.0
NPF2.9_Q9M9V7,17,336.0
NPF2.9_Q9M9V7,18,339.0
NPF2.9_Q9M9V7,19,340.0
NPF2.9_Q9M9V7,20,343.0
NPF2.9_Q9M9V7,21,344.0
NPF2.9_Q9M9V7,22,345.0
NPF2.9_Q9M9V7,23,348.0
NPF2.9_Q9M9V7,24,381.0
NPF2.9_Q9M9V7,25,385.0
NPF2.9_Q9M9V7,26,470.0
NPF2.9_Q9M9V7,27,471.0
NPF2.9_Q9M9V7,28,475.0
NPF2.9_Q9M9V7,29,479.0
NPF2.9_Q9M9V7,30,495.0
NPF2.9_Q9M9V7,31,498.0
NPF2.9_Q9M9V7,32,499.0
NPF2.9_Q9M9V7,33,502.0
NPF2.9_Q9M9V7,34,503.0
NPF2.9_Q9M9V7,35,506.0
NPF6.2_Q9SZY4,1,41.0
NPF6.2_Q9SZY4,2,42.0
NPF6.2_Q9SZY4,3,45.0
NPF6.2_Q9SZY4,4,46.0
NPF6.2_Q9SZY4,5,49.0
NPF6.2_Q9SZY4,6,82.0
NPF6.2_Q9SZY4,7,155.0
NPF6.2_Q9SZY4,8,156.0
NPF6.2_Q9SZY4,9,158.0
NPF6.2_Q9SZY4,10,159.0
NPF6.2_Q9SZY4,11,160.0
NPF6.2_Q9SZY4,12,163.0
NPF6.2_Q9SZY4,13,189.0
NPF6.2_Q9SZY4,14,192.0
NPF6.2_Q9SZY4,15,193.0
NPF6.2_Q9SZY4,16,196.0
NPF6.2_Q9SZY4,17,339.0
NPF6.2_Q9SZY4,18,342.0
NPF6.2_Q9SZY4,19,343.0
NPF6.2_Q9SZY4,20,346.0
NPF6.2_Q9SZY4,21,347.0
NPF6.2_Q9SZY4,22,348.0
NPF6.2_Q9SZY4,23,351.0
NPF6.2_Q9SZY4,24,382.0
NPF6.2_Q9SZY4,25,386.0
NPF6.2_Q9SZY4,26,462.0
NPF6.2_Q9SZY4,27,463.0
NPF6.2_Q9SZY4,28,467.0
NPF6.2_Q9SZY4,29,471.0
NPF6.2_Q9SZY4,30,487.0
NPF6.2_Q9SZY4,31,490.0
NPF6.2_Q9SZY4,32,491.0
NPF6.2_Q9SZY4,33,494.0
NPF6.2_Q9SZY4,34,495.0
NPF6.2_Q9SZY4,35,498.0
NPF1.1_Q8LPL2,1,40.0
NPF1.1_Q8LPL2,2,41.0
NPF1.1_Q8LPL2,3,44.0
NPF1.1_Q8LPL2,4,45.0
NPF1.1_Q8LPL2,5,48.0
NPF1.1_Q8LPL2,6,81.0
NPF1.1_Q8LPL2,7,156.0
NPF1.1_Q8LPL2,8,157.0
NPF1.1_Q8LPL2,9,159.0
NPF1.1_Q8LPL2,10,160.0
NPF1.1_Q8LPL2,11,161.0
NPF1.1_Q8LPL2,12,164.0
NPF1.1_Q8LPL2,13,191.0
NPF1.1_Q8LPL2,14,194.0
NPF1.1_Q8LPL2,15,195.0
NPF1.1_Q8LPL2,16,198.0
NPF1.1_Q8LPL2,17,342.0
NPF1.1_Q8LPL2,18,345.0
NPF1.1_Q8LPL2,19,346.0
NPF1.1_Q8LPL2,20,349.0
NPF1.1_Q8LPL2,21,350.0
NPF1.1_Q8LPL2,22,351.0
NPF1.1_Q8LPL2,23,353.0
NPF1.1_Q8LPL2,24,387.0
NPF1.1_Q8LPL2,25,391.0
NPF1.1_Q8LPL2,26,473.0
NPF1.1_Q8LPL2,27,474.0
NPF1.1_Q8LPL2,28,478.0
NPF1.1_Q8LPL2,29,482.0
NPF1.1_Q8LPL2,30,498.0
NPF1.1_Q8LPL2,31,501.0
NPF1.1_Q8LPL2,32,502.0
NPF1.1_Q8LPL2,33,505.0
NPF1.1_Q8LPL2,34,506.0
NPF1.1_Q8LPL2,35,509.0
NPF2.11_Q9LV10,1,60.0
NPF2.11_Q9LV10,2,61.0
NPF2.11_Q9LV10,3,64.0
NPF2.11_Q9LV10,4,65.0
NPF2.11_Q9LV10,5,68.0
NPF2.11_Q9LV10,6,101.0
NPF2.11_Q9LV10,7,176.0
NPF2.11_Q9LV10,8,177.0
NPF2.11_Q9LV10,9,179.0
NPF2.11_Q9LV10,10,180.0
NPF2.11_Q9LV10,11,181.0
NPF2.11_Q9LV10,12,184.0
NPF2.11_Q9LV10,13,210.0
NPF2.11_Q9LV10,14,213.0
NPF2.11_Q9LV10,15,214.0
NPF2.11_Q9LV10,16,217.0
NPF2.11_Q9LV10,17,362.0
NPF2.11_Q9LV10,18,365.0
NPF2.11_Q9LV10,19,366.0
NPF2.11_Q9LV10,20,369.0
NPF2.11_Q9LV10,21,370.0
NPF2.11_Q9LV10,22,371.0
NPF2.11_Q9LV10,23,374.0
NPF2.11_Q9LV10,24,407.0
NPF2.11_Q9LV10,25,411.0
NPF2.11_Q9LV10,26,496.0
NPF2.11_Q9LV10,27,497.0
NPF2.11_Q9LV10,28,501.0
NPF2.11_Q9LV10,29,505.0
NPF2.11_Q9LV10,30,521.0
NPF2.11_Q9LV10,31,524.0
NPF2.11_Q9LV10,32,525.0
NPF2.11_Q9LV10,33,528.0
NPF2.11_Q9LV10,34,529.0
NPF2.11_Q9LV10,35,532.0
NPF2.3_Q9M175,1,37.0
NPF2.3_Q9M175,2,38.0
NPF2.3_Q9M175,3,41.0
NPF2.3_Q9M175,4,42.0
NPF2.3_Q9M175,5,45.0
NPF2.3_Q9M175,6,78.0
NPF2.3_Q9M175,7,152.0
NPF2.3_Q9M175,8,153.0
NPF2.3_Q9M175,9,155.0
NPF2.3_Q9M175,10,156.0
NPF2.3_Q9M175,11,157.0
NPF2.3_Q9M175,12,160.0
NPF2.3_Q9M175,13,181.0
NPF2.3_Q9M175,14,184.0
NPF2.3_Q9M175,15,185.0
NPF2.3_Q9M175,16,188.0
NPF2.3_Q9M175,17,333.0
NPF2.3_Q9M175,18,336.0
NPF2.3_Q9M175,19,337.0
NPF2.3_Q9M175,20,340.0
NPF2.3_Q9M175,21,341.0
NPF2.3_Q9M175,22,342.0
NPF2.3_Q9M175,23,345.0
NPF2.3_Q9M175,24,377.0
NPF2.3_Q9M175,25,381.0
NPF2.3_Q9M175,26,452.0
NPF2.3_Q9M175,27,453.0
NPF2.3_Q9M175,28,457.0
NPF2.3_Q9M175,29,461.0
NPF2.3_Q9M175,30,477.0
NPF2.3_Q9M175,31,480.0
NPF2.3_Q9M175,32,481.0
NPF2.3_Q9M175,33,484.0
NPF2.3_Q9M175,34,485.0
NPF2.3_Q9M175,35,488.0
NPF5.10_Q0WP01,1,47.0
NPF5.10_Q0WP01,2,48.0
NPF5.10_Q0WP01,3,51.0
NPF5.10_Q0WP01,4,52.0
NPF5.10_Q0WP01,5,55.0
NPF5.10_Q0WP01,6,88.0
NPF5.10_Q0WP01,7,158.0
NPF5.10_Q0WP01,8,159.0
NPF5.10_Q0WP01,9,161.0
NPF5.10_Q0WP01,10,162.0
NPF5.10_Q0WP01,11,163.0
NPF5.10_Q0WP01,12,166.0
NPF5.10_Q0WP01,13,192.0
NPF5.10_Q0WP01,14,195.0
NPF5.10_Q0WP01,15,196.0
NPF5.10_Q0WP01,16,199.0
NPF5.10_Q0WP01,17,326.0
NPF5.10_Q0WP01,18,329.0
NPF5.10_Q0WP01,19,330.0
NPF5.10_Q0WP01,20,333.0
NPF5.10_Q0WP01,21,334.0
NPF5.10_Q0WP01,22,335.0
NPF5.10_Q0WP01,23,338.0
NPF5.10_Q0WP01,24,370.0
NPF5.10_Q0WP01,25,374.0
NPF5.10_Q0WP01,26,456.0
NPF5.10_Q0WP01,27,457.0
NPF5.10_Q0WP01,28,461.0
NPF5.10_Q0WP01,29,465.0
NPF5.10_Q0WP01,30,481.0
NPF5.10_Q0WP01,31,484.0
NPF5.10_Q0WP01,32,485.0
NPF5.10_Q0WP01,33,488.0
NPF5.10_Q0WP01,34,489.0
NPF5.10_Q0WP01,35,492.0
NPF2.8_Q3E8X3,1,34.0
NPF2.8_Q3E8X3,2,35.0
NPF2.8_Q3E8X3,3,38.0
NPF2.8_Q3E8X3,4,39.0
NPF2.8_Q3E8X3,5,42.0
NPF2.8_Q3E8X3,6,75.0
NPF2.8_Q3E8X3,7,149.0
NPF2.8_Q3E8X3,8,150.0
NPF2.8_Q3E8X3,9,152.0
NPF2.8_Q3E8X3,10,153.0
NPF2.8_Q3E8X3,11,154.0
NPF2.8_Q3E8X3,12,157.0
NPF2.8_Q3E8X3,13,183.0
NPF2.8_Q3E8X3,14,186.0
NPF2.8_Q3E8X3,15,187.0
NPF2.8_Q3E8X3,16,190.0
NPF2.8_Q3E8X3,17,334.0
NPF2.8_Q3E8X3,18,337.0
NPF2.8_Q3E8X3,19,338.0
NPF2.8_Q3E8X3,20,341.0
NPF2.8_Q3E8X3,21,342.0
NPF2.8_Q3E8X3,22,343.0
NPF2.8_Q3E8X3,23,346.0
NPF2.8_Q3E8X3,24,379.0
NPF2.8_Q3E8X3,25,383.0
NPF2.8_Q3E8X3,26,458.0
NPF2.8_Q3E8X3,27,459.0
NPF2.8_Q3E8X3,28,463.0
NPF2.8_Q3E8X3,29,467.0
NPF2.8_Q3E8X3,30,483.0
NPF2.8_Q3E8X3,31,486.0
NPF2.8_Q3E8X3,32,487.0
NPF2.8_Q3E8X3,33,490.0
NPF2.8_Q3E8X3,34,491.0
NPF2.8_Q3E8X3,35,494.0
NPF5.4_Q9M1I2,1,29.0
NPF5.4_Q9M1I2,2,30.0
NPF5.4_Q9M1I2,3,33.0
NPF5.4_Q9M1I2,4,34.0
NPF5.4_Q9M1I2,5,37.0
NPF5.4_Q9M1I2,6,70.0
NPF5.4_Q9M1I2,7,128.0
NPF5.4_Q9M1I2,8,129.0
NPF5.4_Q9M1I2,9,131.0
NPF5.4_Q9M1I2,10,132.0
NPF5.4_Q9M1I2,11,133.0
NPF5.4_Q9M1I2,12,136.0
NPF5.4_Q9M1I2,13,162.0
NPF5.4_Q9M1I2,14,165.0
NPF5.4_Q9M1I2,15,166.0
NPF5.4_Q9M1I2,16,169.0
NPF5.4_Q9M1I2,17,317.0
NPF5.4_Q9M1I2,18,320.0
NPF5.4_Q9M1I2,19,321.0
NPF5.4_Q9M1I2,20,324.0
NPF5.4_Q9M1I2,21,325.0
NPF5.4_Q9M1I2,22,326.0
NPF5.4_Q9M1I2,23,329.0
NPF5.4_Q9M1I2,24,361.0
NPF5.4_Q9M1I2,25,365.0
NPF5.4_Q9M1I2,26,447.0
NPF5.4_Q9M1I2,27,448.0
NPF5.4_Q9M1I2,28,452.0
NPF5.4_Q9M1I2,29,456.0
NPF5.4_Q9M1I2,30,472.0
NPF5.4_Q9M1I2,31,475.0
NPF5.4_Q9M1I2,32,476.0
NPF5.4_Q9M1I2,33,479.0
NPF5.4_Q9M1I2,34,480.0
NPF5.4_Q9M1I2,35,483.0
NPF5.16_Q9SK96,1,47.0
NPF5.16_Q9SK96,2,48.0
NPF5.16_Q9SK96,3,51.0
NPF5.16_Q9SK96,4,52.0
NPF5.16_Q9SK96,5,55.0
NPF5.16_Q9SK96,6,88.0
NPF5.16_Q9SK96,7,163.0
NPF5.16_Q9SK96,8,164.0
NPF5.16_Q9SK96,9,166.0
NPF5.16_Q9SK96,10,167.0
NPF5.16_Q9SK96,11,168.0
NPF5.16_Q9SK96,12,171.0
NPF5.16_Q9SK96,13,197.0
NPF5.16_Q9SK96,14,200.0
NPF5.16_Q9SK96,15,201.0
NPF5.16_Q9SK96,16,204.0
NPF5.16_Q9SK96,17,333.0
NPF5.16_Q9SK96,18,336.0
NPF5.16_Q9SK96,19,337.0
NPF5.16_Q9SK96,20,340.0
NPF5.16_Q9SK96,21,341.0
NPF5.16_Q9SK96,22,342.0
NPF5.16_Q9SK96,23,345.0
NPF5.16_Q9SK96,24,377.0
NPF5.16_Q9SK96,25,381.0
NPF5.16_Q9SK96,26,463.0
NPF5.16_Q9SK96,27,464.0
NPF5.16_Q9SK96,28,468.0
NPF5.16_Q9SK96,29,472.0
NPF5.16_Q9SK96,30,488.0
NPF5.16_Q9SK96,31,491.0
NPF5.16_Q9SK96,32,492.0
NPF5.16_Q9SK96,33,495.0
NPF5.16_Q9SK96,34,496.0
NPF5.16_Q9SK96,35,499.0
NPF8.4_Q84WG0,1,59.0
NPF8.4_Q84WG0,2,60.0
NPF8.4_Q84WG0,3,63.0
NPF8.4_Q84WG0,4,64.0
NPF8.4_Q84WG0,5,67.0
NPF8.4_Q84WG0,6,100.0
NPF8.4_Q84WG0,7,172.0
NPF8.4_Q84WG0,8,173.0
NPF8.4_Q84WG0,9,175.0
NPF8.4_Q84WG0,10,176.0
NPF8.4_Q84WG0,11,177.0
NPF8.4_Q84WG0,12,180.0
NPF8.4_Q84WG0,13,206.0
NPF8.4_Q84WG0,14,209.0
NPF8.4_Q84WG0,15,210.0
NPF8.4_Q84WG0,16,213.0
NPF8.4_Q84WG0,17,321.0
NPF8.4_Q84WG0,18,324.0
NPF8.4_Q84WG0,19,325.0
NPF8.4_Q84WG0,20,328.0
NPF8.4_Q84WG0,21,329.0
NPF8.4_Q84WG0,22,330.0
NPF8.4_Q84WG0,23,333.0
NPF8.4_Q84WG0,24,364.0
NPF8.4_Q84WG0,25,368.0
NPF8.4_Q84WG0,26,449.0
NPF8.4_Q84WG0,27,450.0
NPF8.4_Q84WG0,28,454.0
NPF8.4_Q84WG0,29,458.0
NPF8.4_Q84WG0,30,474.0
NPF8.4_Q84WG0,31,477.0
NPF8.4_Q84WG0,32,478.0
NPF8.4_Q84WG0,33,481.0
NPF8.4_Q84WG0,34,482.0
NPF8.4_Q84WG0,35,485.0
NPF8.5_Q93Z20,1,69.0
NPF8.5_Q93Z20,2,70.0
NPF8.5_Q93Z20,3,73.0
NPF8.5_Q93Z20,4,74.0
NPF8.5_Q93Z20,5,77.0
NPF8.5_Q93Z20,6,110.0
NPF8.5_Q93Z20,7,185.0
NPF8.5_Q93Z20,8,186.0
NPF8.5_Q93Z20,9,188.0
NPF8.5_Q93Z20,10,189.0
NPF8.5_Q93Z20,11,190.0
NPF8.5_Q93Z20,12,193.0
NPF8.5_Q93Z20,13,219.0
NPF8.5_Q93Z20,14,222.0
NPF8.5_Q93Z20,15,223.0
NPF8.5_Q93Z20,16,226.0
NPF8.5_Q93Z20,17,371.0
NPF8.5_Q93Z20,18,374.0
NPF8.5_Q93Z20,19,375.0
NPF8.5_Q93Z20,20,378.0
NPF8.5_Q93Z20,21,379.0
NPF8.5_Q93Z20,22,380.0
NPF8.5_Q93Z20,23,383.0
NPF8.5_Q93Z20,24,414.0
NPF8.5_Q93Z20,25,418.0
NPF8.5_Q93Z20,26,491.0
NPF8.5_Q93Z20,27,492.0
NPF8.5_Q93Z20,28,496.0
NPF8.5_Q93Z20,29,500.0
NPF8.5_Q93Z20,30,516.0
NPF8.5_Q93Z20,31,519.0
NPF8.5_Q93Z20,32,520.0
NPF8.5_Q93Z20,33,523.0
NPF8.5_Q93Z20,34,524.0
NPF8.5_Q93Z20,35,527.0
NPF5.13_Q0WSZ6,1,46.0
NPF5.13_Q0WSZ6,2,47.0
NPF5.13_Q0WSZ6,3,50.0
NPF5.13_Q0WSZ6,4,51.0
NPF5.13_Q0WSZ6,5,54.0
NPF5.13_Q0WSZ6,6,87.0
NPF5.13_Q0WSZ6,7,154.0
NPF5.13_Q0WSZ6,8,155.0
NPF5.13_Q0WSZ6,9,157.0
NPF5.13_Q0WSZ6,10,158.0
NPF5.13_Q0WSZ6,11,159.0
NPF5.13_Q0WSZ6,12,162.0
NPF5.13_Q0WSZ6,13,188.0
NPF5.13_Q0WSZ6,14,191.0
NPF5.13_Q0WSZ6,15,192.0
NPF5.13_Q0WSZ6,16,195.0
NPF5.13_Q0WSZ6,17,330.0
NPF5.13_Q0WSZ6,18,333.0
NPF5.13_Q0WSZ6,19,334.0
NPF5.13_Q0WSZ6,20,337.0
NPF5.13_Q0WSZ6,21,338.0
NPF5.13_Q0WSZ6,22,339.0
NPF5.13_Q0WSZ6,23,342.0
NPF5.13_Q0WSZ6,24,374.0
NPF5.13_Q0WSZ6,25,378.0
NPF5.13_Q0WSZ6,26,460.0
NPF5.13_Q0WSZ6,27,461.0
NPF5.13_Q0WSZ6,28,465.0
NPF5.13_Q0WSZ6,29,469.0
NPF5.13_Q0WSZ6,30,485.0
NPF5.13_Q0WSZ6,31,488.0
NPF5.13_Q0WSZ6,32,489.0
NPF5.13_Q0WSZ6,33,492.0
NPF5.13_Q0WSZ6,34,493.0
NPF5.13_Q0WSZ6,35,496.0
NPF4.3_Q93VV5,1,58.0
NPF4.3_Q93VV5,2,59.0
NPF4.3_Q93VV5,3,62.0
NPF4.3_Q93VV5,4,63.0
NPF4.3_Q93VV5,5,66.0
NPF4.3_Q93VV5,6,99.0
NPF4.3_Q93VV5,7,174.0
NPF4.3_Q93VV5,8,175.0
NPF4.3_Q93VV5,9,177.0
NPF4.3_Q93VV5,10,178.0
NPF4.3_Q93VV5,11,179.0
NPF4.3_Q93VV5,12,182.0
NPF4.3_Q93VV5,13,208.0
NPF4.3_Q93VV5,14,211.0
NPF4.3_Q93VV5,15,212.0
NPF4.3_Q93VV5,16,215.0
NPF4.3_Q93VV5,17,357.0
NPF4.3_Q93VV5,18,360.0
NPF4.3_Q93VV5,19,361.0
NPF4.3_Q93VV5,20,364.0
NPF4.3_Q93VV5,21,365.0
NPF4.3_Q93VV5,22,366.0
NPF4.3_Q93VV5,23,369.0
NPF4.3_Q93VV5,24,401.0
NPF4.3_Q93VV5,25,405.0
NPF4.3_Q93VV5,26,479.0
NPF4.3_Q93VV5,27,480.0
NPF4.3_Q93VV5,28,484.0
NPF4.3_Q93VV5,29,488.0
NPF4.3_Q93VV5,30,504.0
NPF4.3_Q93VV5,31,507.0
NPF4.3_Q93VV5,32,508.0
NPF4.3_Q93VV5,33,511.0
NPF4.3_Q93VV5,34,512.0
NPF4.3_Q93VV5,35,515.0
NPF5.14_Q8VZE2,1,46.0
NPF5.14_Q8VZE2,2,47.0
NPF5.14_Q8VZE2,3,50.0
NPF5.14_Q8VZE2,4,51.0
NPF5.14_Q8VZE2,5,54.0
NPF5.14_Q8VZE2,6,87.0
NPF5.14_Q8VZE2,7,154.0
NPF5.14_Q8VZE2,8,155.0
NPF5.14_Q8VZE2,9,157.0
NPF5.14_Q8VZE2,10,158.0
NPF5.14_Q8VZE2,11,159.0
NPF5.14_Q8VZE2,12,162.0
NPF5.14_Q8VZE2,13,188.0
NPF5.14_Q8VZE2,14,191.0
NPF5.14_Q8VZE2,15,192.0
NPF5.14_Q8VZE2,16,195.0
NPF5.14_Q8VZE2,17,326.0
NPF5.14_Q8VZE2,18,329.0
NPF5.14_Q8VZE2,19,330.0
NPF5.14_Q8VZE2,20,333.0
NPF5.14_Q8VZE2,21,334.0
NPF5.14_Q8VZE2,22,335.0
NPF5.14_Q8VZE2,23,338.0
NPF5.14_Q8VZE2,24,370.0
NPF5.14_Q8VZE2,25,374.0
NPF5.14_Q8VZE2,26,456.0
NPF5.14_Q8VZE2,27,457.0
NPF5.14_Q8VZE2,28,461.0
NPF5.14_Q8VZE2,29,465.0
NPF5.14_Q8VZE2,30,481.0
NPF5.14_Q8VZE2,31,484.0
NPF5.14_Q8VZE2,32,485.0
NPF5.14_Q8VZE2,33,488.0
NPF5.14_Q8VZE2,34,489.0
NPF5.14_Q8VZE2,35,492.0
NPF6.4_Q9LVE0,1,46.0
NPF6.4_Q9LVE0,2,47.0
NPF6.4_Q9LVE0,3,50.0
NPF6.4_Q9LVE0,4,51.0
NPF6.4_Q9LVE0,5,54.0
NPF6.4_Q9LVE0,6,87.0
NPF6.4_Q9LVE0,7,164.0
NPF6.4_Q9LVE0,8,165.0
NPF6.4_Q9LVE0,9,167.0
NPF6.4_Q9LVE0,10,168.0
NPF6.4_Q9LVE0,11,169.0
NPF6.4_Q9LVE0,12,172.0
NPF6.4_Q9LVE0,13,198.0
NPF6.4_Q9LVE0,14,201.0
NPF6.4_Q9LVE0,15,202.0
NPF6.4_Q9LVE0,16,205.0
NPF6.4_Q9LVE0,17,345.0
NPF6.4_Q9LVE0,18,348.0
NPF6.4_Q9LVE0,19,349.0
NPF6.4_Q9LVE0,20,352.0
NPF6.4_Q9LVE0,21,353.0
NPF6.4_Q9LVE0,22,354.0
NPF6.4_Q9LVE0,23,357.0
NPF6.4_Q9LVE0,24,388.0
NPF6.4_Q9LVE0,25,392.0
NPF6.4_Q9LVE0,26,466.0
NPF6.4_Q9LVE0,27,467.0
NPF6.4_Q9LVE0,28,471.0
NPF6.4_Q9LVE0,29,475.0
NPF6.4_Q9LVE0,30,491.0
NPF6.4_Q9LVE0,31,494.0
NPF6.4_Q9LVE0,32,495.0
NPF6.4_Q9LVE0,33,498.0
NPF6.4_Q9LVE0,34,499.0
NPF6.4_Q9LVE0,35,502.0
NPF4.5_Q8VYE4,1,44.0
NPF4.5_Q8VYE4,2,45.0
NPF4.5_Q8VYE4,3,48.0
NPF4.5_Q8VYE4,4,49.0
NPF4.5_Q8VYE4,5,52.0
NPF4.5_Q8VYE4,6,85.0
NPF4.5_Q8VYE4,7,160.0
NPF4.5_Q8VYE4,8,161.0
NPF4.5_Q8VYE4,9,163.0
NPF4.5_Q8VYE4,10,164.0
NPF4.5_Q8VYE4,11,165.0
NPF4.5_Q8VYE4,12,168.0
NPF4.5_Q8VYE4,13,194.0
NPF4.5_Q8VYE4,14,197.0
NPF4.5_Q8VYE4,15,198.0
NPF4.5_Q8VYE4,16,201.0
NPF4.5_Q8VYE4,17,337.0
NPF4.5_Q8VYE4,18,340.0
NPF4.5_Q8VYE4,19,341.0
NPF4.5_Q8VYE4,20,344.0
NPF4.5_Q8VYE4,21,345.0
NPF4.5_Q8VYE4,22,346.0
NPF4.5_Q8VYE4,23,349.0
NPF4.5_Q8VYE4,24,380.0
NPF4.5_Q8VYE4,25,384.0
NPF4.5_Q8VYE4,26,465.0
NPF4.5_Q8VYE4,27,466.0
NPF4.5_Q8VYE4,28,470.0
NPF4.5_Q8VYE4,29,474.0
NPF4.5_Q8VYE4,30,490.0
NPF4.5_Q8VYE4,31,493.0
NPF4.5_Q8VYE4,32,494.0
NPF4.5_Q8VYE4,33,497.0
NPF4.5_Q8VYE4,34,498.0
NPF4.5_Q8VYE4,35,501.0
NPF4.1_Q9LSF0,1,38.0
NPF4.1_Q9LSF0,2,39.0
NPF4.1_Q9LSF0,3,42.0
NPF4.1_Q9LSF0,4,43.0
NPF4.1_Q9LSF0,5,46.0
NPF4.1_Q9LSF0,6,79.0
NPF4.1_Q9LSF0,7,146.0
NPF4.1_Q9LSF0,8,147.0
NPF4.1_Q9LSF0,9,149.0
NPF4.1_Q9LSF0,10,150.0
NPF4.1_Q9LSF0,11,151.0
NPF4.1_Q9LSF0,12,154.0
NPF4.1_Q9LSF0,13,177.0
NPF4.1_Q9LSF0,14,180.0
NPF4.1_Q9LSF0,15,181.0
NPF4.1_Q9LSF0,16,184.0
NPF4.1_Q9LSF0,17,308.0
NPF4.1_Q9LSF0,18,311.0
NPF4.1_Q9LSF0,19,312.0
NPF4.1_Q9LSF0,20,315.0
NPF4.1_Q9LSF0,21,316.0
NPF4.1_Q9LSF0,22,317.0
NPF4.1_Q9LSF0,23,320.0
NPF4.1_Q9LSF0,24,352.0
NPF4.1_Q9LSF0,25,356.0
NPF4.1_Q9LSF0,26,428.0
NPF4.1_Q9LSF0,27,429.0
NPF4.1_Q9LSF0,28,433.0
NPF4.1_Q9LSF0,29,437.0
NPF4.1_Q9LSF0,30,453.0
NPF4.1_Q9LSF0,31,456.0
NPF4.1_Q9LSF0,32,457.0
NPF4.1_Q9LSF0,33,460.0
NPF4.1_Q9LSF0,34,461.0
NPF4.1_Q9LSF0,35,464.0
NPF2.5_Q9M172,1,38.0
NPF2.5_Q9M172,2,39.0
NPF2.5_Q9M172,3,42.0
NPF2.5_Q9M172,4,43.0
NPF2.5_Q9M172,5,46.0
NPF2.5_Q9M172,6,79.0
NPF2.5_Q9M172,7,153.0
NPF2.5_Q9M172,8,154.0
NPF2.5_Q9M172,9,156.0
NPF2.5_Q9M172,10,157.0
NPF2.5_Q9M172,11,158.0
NPF2.5_Q9M172,12,161.0
NPF2.5_Q9M172,13,182.0
NPF2.5_Q9M172,14,185.0
NPF2.5_Q9M172,15,186.0
NPF2.5_Q9M172,16,189.0
NPF2.5_Q9M172,17,334.0
NPF2.5_Q9M172,18,337.0
NPF2.5_Q9M172,19,338.0
NPF2.5_Q9M172,20,341.0
NPF2.5_Q9M172,21,342.0
NPF2.5_Q9M172,22,343.0
NPF2.5_Q9M172,23,346.0
NPF2.5_Q9M172,24,378.0
NPF2.5_Q9M172,25,382.0
NPF2.5_Q9M172,26,454.0
NPF2.5_Q9M172,27,455.0
NPF2.5_Q9M172,28,459.0
NPF2.5_Q9M172,29,463.0
NPF2.5_Q9M172,30,479.0
NPF2.5_Q9M172,31,482.0
NPF2.5_Q9M172,32,483.0
NPF2.5_Q9M172,33,486.0
NPF2.5_Q9M172,34,487.0
NPF2.5_Q9M172,35,490.0
NPF2.4_Q9M173,1,33.0
NPF2.4_Q9M173,2,34.0
NPF2.4_Q9M173,3,37.0
NPF2.4_Q9M173,4,38.0
NPF2.4_Q9M173,5,41.0
NPF2.4_Q9M173,6,74.0
NPF2.4_Q9M173,7,148.0
NPF2.4_Q9M173,8,149.0
NPF2.4_Q9M173,9,151.0
NPF2.4_Q9M173,10,152.0
NPF2.4_Q9M173,11,153.0
NPF2.4_Q9M173,12,156.0
NPF2.4_Q9M173,13,177.0
NPF2.4_Q9M173,14,180.0
NPF2.4_Q9M173,15,181.0
NPF2.4_Q9M173,16,184.0
NPF2.4_Q9M173,17,323.0
NPF2.4_Q9M173,18,326.0
NPF2.4_Q9M173,19,327.0
NPF2.4_Q9M173,20,330.0
NPF2.4_Q9M173,21,331.0
NPF2.4_Q9M173,22,332.0
NPF2.4_Q9M173,23,335.0
NPF2.4_Q9M173,24,367.0
NPF2.4_Q9M173,25,371.0
NPF2.4_Q9M173,26,442.0
NPF2.4_Q9M173,27,443.0
NPF2.4_Q9M173,28,447.0
NPF2.4_Q9M173,29,451.0
NPF2.4_Q9M173,30,467.0
NPF2.4_Q9M173,31,470.0
NPF2.4_Q9M173,32,471.0
NPF2.4_Q9M173,33,474.0
NPF2.4_Q9M173,34,475.0
NPF2.4_Q9M173,35,478.0
NPF2.2_Q9M174,1,
NPF2.2_Q9M174,2,36.0
NPF2.2_Q9M174,3,39.0
NPF2.2_Q9M174,4,40.0
NPF2.2_Q9M174,5,43.0
NPF2.2_Q9M174,6,76.0
NPF2.2_Q9M174,7,150.0
NPF2.2_Q9M174,8,151.0
NPF2.2_Q9M174,9,153.0
NPF2.2_Q9M174,10,154.0
NPF2.2_Q9M174,11,155.0
NPF2.2_Q9M174,12,158.0
NPF2.2_Q9M174,13,179.0
NPF2.2_Q9M174,14,182.0
NPF2.2_Q9M174,15,183.0
NPF2.2_Q9M174,16,186.0
NPF2.2_Q9M174,17,324.0
NPF2.2_Q9M174,18,327.0
NPF2.2_Q9M174,19,328.0
NPF2.2_Q9M174,20,331.0
NPF2.2_Q9M174,21,332.0
NPF2.2_Q9M174,22,333.0
NPF2.2_Q9M174,23,336.0
NPF2.2_Q9M174,24,368.0
NPF2.2_Q9M174,25,372.0
NPF2.2_Q9M174,26,
NPF2.2_Q9M174,27,
NPF2.2_Q9M174,28,
NPF2.2_Q9M174,29,
NPF2.2_Q9M174,30,
NPF2.2_Q9M174,31,
NPF2.2_Q9M174,32,440.0
NPF2.2_Q9M174,33,443.0
NPF2.2_Q9M174,34,444.0
NPF2.2_Q9M174,35,447.0
NPF5.7_Q9M331,1,54.0
NPF5.7_Q9M331,2,55.0
NPF5.7_Q9M331,3,58.0
NPF5.7_Q9M331,4,59.0
NPF5.7_Q9M331,5,62.0
NPF5.7_Q9M331,6,95.0
NPF5.7_Q9M331,7,165.0
NPF5.7_Q9M331,8,166.0
NPF5.7_Q9M331,9,168.0
NPF5.7_Q9M331,10,169.0
NPF5.7_Q9M331,11,170.0
NPF5.7_Q9M331,12,173.0
NPF5.7_Q9M331,13,199.0
NPF5.7_Q9M331,14,202.0
NPF5.7_Q9M331,15,203.0
NPF5.7_Q9M331,16,206.0
NPF5.7_Q9M331,17,350.0
NPF5.7_Q9M331,18,353.0
NPF5.7_Q9M331,19,354.0
NPF5.7_Q9M331,20,357.0
NPF5.7_Q9M331,21,358.0
NPF5.7_Q9M331,22,359.0
NPF5.7_Q9M331,23,362.0
NPF5.7_Q9M331,24,395.0
NPF5.7_Q9M331,25,399.0
NPF5.7_Q9M331,26,477.0
NPF5.7_Q9M331,27,478.0
NPF5.7_Q9M331,28,482.0
NPF5.7_Q9M331,29,486.0
NPF5.7_Q9M331,30,502.0
NPF5.7_Q9M331,31,505.0
NPF5.7_Q9M331,32,506.0
NPF5.7_Q9M331,33,509.0
NPF5.7_Q9M331,34,510.0
NPF5.7_Q9M331,35,513.0
NPF4.7_Q9FM20,1,73.0
NPF4.7_Q9FM20,2,74.0
NPF4.7_Q9FM20,3,77.0
NPF4.7_Q9FM20,4,78.0
NPF4.7_Q9FM20,5,81.0
NPF4.7_Q9FM20,6,114.0
NPF4.7_Q9FM20,7,173.0
NPF4.7_Q9FM20,8,174.0
NPF4.7_Q9FM20,9,176.0
NPF4.7_Q9FM20,10,177.0
NPF4.7_Q9FM20,11,178.0
NPF4.7_Q9FM20,12,181.0
NPF4.7_Q9FM20,13,207.0
NPF4.7_Q9FM20,14,210.0
NPF4.7_Q9FM20,15,211.0
NPF4.7_Q9FM20,16,214.0
NPF4.7_Q9FM20,17,355.0
NPF4.7_Q9FM20,18,358.0
NPF4.7_Q9FM20,19,359.0
NPF4.7_Q9FM20,20,362.0
NPF4.7_Q9FM20,21,363.0
NPF4.7_Q9FM20,22,364.0
NPF4.7_Q9FM20,23,367.0
NPF4.7_Q9FM20,24,398.0
NPF4.7_Q9FM20,25,402.0
NPF4.7_Q9FM20,26,488.0
NPF4.7_Q9FM20,27,489.0
NPF4.7_Q9FM20,28,493.0
NPF4.7_Q9FM20,29,497.0
NPF4.7_Q9FM20,30,513.0
NPF4.7_Q9FM20,31,516.0
NPF4.7_Q9FM20,32,517.0
NPF4.7_Q9FM20,33,520.0
NPF4.7_Q9FM20,34,521.0
NPF4.7_Q9FM20,35,524.0
NPF5.1_Q8VZR7,1,41.0
NPF5.1_Q8VZR7,2,42.0
NPF5.1_Q8VZR7,3,45.0
NPF5.1_Q8VZR7,4,46.0
NPF5.1_Q8VZR7,5,49.0
NPF5.1_Q8VZR7,6,82.0
NPF5.1_Q8VZR7,7,153.0
NPF5.1_Q8VZR7,8,154.0
NPF5.1_Q8VZR7,9,156.0
NPF5.1_Q8VZR7,10,157.0
NPF5.1_Q8VZR7,11,158.0
NPF5.1_Q8VZR7,12,161.0
NPF5.1_Q8VZR7,13,187.0
NPF5.1_Q8VZR7,14,190.0
NPF5.1_Q8VZR7,15,191.0
NPF5.1_Q8VZR7,16,194.0
NPF5.1_Q8VZR7,17,330.0
NPF5.1_Q8VZR7,18,333.0
NPF5.1_Q8VZR7,19,334.0
NPF5.1_Q8VZR7,20,337.0
NPF5.1_Q8VZR7,21,338.0
NPF5.1_Q8VZR7,22,339.0
NPF5.1_Q8VZR7,23,342.0
NPF5.1_Q8VZR7,24,374.0
NPF5.1_Q8VZR7,25,378.0
NPF5.1_Q8VZR7,26,459.0
NPF5.1_Q8VZR7,27,460.0
NPF5.1_Q8VZR7,28,464.0
NPF5.1_Q8VZR7,29,468.0
NPF5.1_Q8VZR7,30,484.0
NPF5.1_Q8VZR7,31,487.0
NPF5.1_Q8VZR7,32,488.0
NPF5.1_Q8VZR7,33,491.0
NPF5.1_Q8VZR7,34,492.0
NPF5.1_Q8VZR7,35,495.0
NPF5.8_Q9LFR1,1,24.0
NPF5.8_Q9LFR1,2,25.0
NPF5.8_Q9LFR1,3,28.0
NPF5.8_Q9LFR1,4,29.0
NPF5.8_Q9LFR1,5,32.0
NPF5.8_Q9LFR1,6,65.0
NPF5.8_Q9LFR1,7,127.0
NPF5.8_Q9LFR1,8,128.0
NPF5.8_Q9LFR1,9,130.0
NPF5.8_Q9LFR1,10,131.0
NPF5.8_Q9LFR1,11,132.0
NPF5.8_Q9LFR1,12,135.0
NPF5.8_Q9LFR1,13,174.0
NPF5.8_Q9LFR1,14,177.0
NPF5.8_Q9LFR1,15,178.0
NPF5.8_Q9LFR1,16,181.0
NPF5.8_Q9LFR1,17,317.0
NPF5.8_Q9LFR1,18,320.0
NPF5.8_Q9LFR1,19,321.0
NPF5.8_Q9LFR1,20,324.0
NPF5.8_Q9LFR1,21,325.0
NPF5.8_Q9LFR1,22,326.0
NPF5.8_Q9LFR1,23,329.0
NPF5.8_Q9LFR1,24,361.0
NPF5.8_Q9LFR1,25,365.0
NPF5.8_Q9LFR1,26,444.0
NPF5.8_Q9LFR1,27,445.0
NPF5.8_Q9LFR1,28,449.0
NPF5.8_Q9LFR1,29,453.0
NPF5.8_Q9LFR1,30,469.0
NPF5.8_Q9LFR1,31,472.0
NPF5.8_Q9LFR1,32,473.0
NPF5.8_Q9LFR1,33,476.0
NPF5.8_Q9LFR1,34,477.0
NPF5.8_Q9LFR1,35,480.0
NPF1.3_Q9LYD5,1,30.0
NPF1.3_Q9LYD5,2,31.0
NPF1.3_Q9LYD5,3,34.0
NPF1.3_Q9LYD5,4,35.0
NPF1.3_Q9LYD5,5,38.0
NPF1.3_Q9LYD5,6,71.0
NPF1.3_Q9LYD5,7,141.0
NPF1.3_Q9LYD5,8,142.0
NPF1.3_Q9LYD5,9,144.0
NPF1.3_Q9LYD5,10,145.0
NPF1.3_Q9LYD5,11,146.0
NPF1.3_Q9LYD5,12,149.0
NPF1.3_Q9LYD5,13,177.0
NPF1.3_Q9LYD5,14,180.0
NPF1.3_Q9LYD5,15,181.0
NPF1.3_Q9LYD5,16,184.0
NPF1.3_Q9LYD5,17,263.0
NPF1.3_Q9LYD5,18,266.0
NPF1.3_Q9LYD5,19,267.0
NPF1.3_Q9LYD5,20,270.0
NPF1.3_Q9LYD5,21,271.0
NPF1.3_Q9LYD5,22,272.0
NPF1.3_Q9LYD5,23,275.0
NPF1.3_Q9LYD5,24,308.0
NPF1.3_Q9LYD5,25,312.0
NPF1.3_Q9LYD5,26,387.0
NPF1.3_Q9LYD5,27,388.0
NPF1.3_Q9LYD5,28,392.0
NPF1.3_Q9LYD5,29,396.0
NPF1.3_Q9LYD5,30,412.0
NPF1.3_Q9LYD5,31,415.0
NPF1.3_Q9LYD5,32,416.0
NPF1.3_Q9LYD5,33,419.0
NPF1.3_Q9LYD5,34,420.0
NPF1.3_Q9LYD5,35,423.0
NPF5.9_Q9SRI2,1,24.0
NPF5.9_Q9SRI2,2,25.0
NPF5.9_Q9SRI2,3,28.0
NPF5.9_Q9SRI2,4,29.0
NPF5.9_Q9SRI2,5,32.0
NPF5.9_Q9SRI2,6,65.0
NPF5.9_Q9SRI2,7,127.0
NPF5.9_Q9SRI2,8,128.0
NPF5.9_Q9SRI2,9,130.0
NPF5.9_Q9SRI2,10,131.0
NPF5.9_Q9SRI2,11,132.0
NPF5.9_Q9SRI2,12,135.0
NPF5.9_Q9SRI2,13,173.0
NPF5.9_Q9SRI2,14,176.0
NPF5.9_Q9SRI2,15,177.0
NPF5.9_Q9SRI2,16,180.0
NPF5.9_Q9SRI2,17,323.0
NPF5.9_Q9SRI2,18,326.0
NPF5.9_Q9SRI2,19,327.0
NPF5.9_Q9SRI2,20,330.0
NPF5.9_Q9SRI2,21,331.0
NPF5.9_Q9SRI2,22,332.0
NPF5.9_Q9SRI2,23,335.0
NPF5.9_Q9SRI2,24,367.0
NPF5.9_Q9SRI2,25,371.0
NPF5.9_Q9SRI2,26,454.0
NPF5.9_Q9SRI2,27,455.0
NPF5.9_Q9SRI2,28,459.0
NPF5.9_Q9SRI2,29,463.0
NPF5.9_Q9SRI2,30,479.0
NPF5.9_Q9SRI2,31,482.0
NPF5.9_Q9SRI2,32,483.0
NPF5.9_Q9SRI2,33,486.0
NPF5.9_Q9SRI2,34,487.0
NPF5.9_Q9SRI2,35,490.0
NPF5.5_O80436,1,
NPF5.5_O80436,2,
NPF5.5_O80436,3,
NPF5.5_O80436,4,
NPF5.5_O80436,5,
NPF5.5_O80436,6,48.0
NPF5.5_O80436,7,107.0
NPF5.5_O80436,8,108.0
NPF5.5_O80436,9,110.0
NPF5.5_O80436,10,111.0
NPF5.5_O80436,11,112.0
NPF5.5_O80436,12,115.0
NPF5.5_O80436,13,141.0
NPF5.5_O80436,14,144.0
NPF5.5_O80436,15,145.0
NPF5.5_O80436,16,148.0
NPF5.5_O80436,17,285.0
NPF5.5_O80436,18,288.0
NPF5.5_O80436,19,289.0
NPF5.5_O80436,20,292.0
NPF5.5_O80436,21,293.0
NPF5.5_O80436,22,294.0
NPF5.5_O80436,23,297.0
NPF5.5_O80436,24,328.0
NPF5.5_O80436,25,332.0
NPF5.5_O80436,26,411.0
NPF5.5_O80436,27,412.0
NPF5.5_O80436,28,415.0
NPF5.5_O80436,29,419.0
NPF5.5_O80436,30,436.0
NPF5.5_O80436,31,439.0
NPF5.5_O80436,32,440.0
NPF5.5_O80436,33,443.0
NPF5.5_O80436,34,444.0
NPF5.5_O80436,35,447.0
NPF5.6_P0CI03,1,55.0
NPF5.6_P0CI03,2,56.0
NPF5.6_P0CI03,3,59.0
NPF5.6_P0CI03,4,60.0
NPF5.6_P0CI03,5,63.0
NPF5.6_P0CI03,6,96.0
NPF5.6_P0CI03,7,166.0
NPF5.6_P0CI03,8,167.0
NPF5.6_P0CI03,9,169.0
NPF5.6_P0CI03,10,170.0
NPF5.6_P0CI03,11,171.0
NPF5.6_P0CI03,12,174.0
NPF5.6_P0CI03,13,200.0
NPF5.6_P0CI03,14,203.0
NPF5.6_P0CI03,15,204.0
NPF5.6_P0CI03,16,207.0
NPF5.6_P0CI03,17,350.0
NPF5.6_P0CI03,18,353.0
NPF5.6_P0CI03,19,354.0
NPF5.6_P0CI03,20,357.0
NPF5.6_P0CI03,21,358.0
NPF5.6_P0CI03,22,359.0
NPF5.6_P0CI03,23,362.0
NPF5.6_P0CI03,24,393.0
NPF5.6_P0CI03,25,397.0
NPF5.6_P0CI03,26,470.0
NPF5.6_P0CI03,27,471.0
NPF5.6_P0CI03,28,475.0
NPF5.6_P0CI03,29,479.0
NPF5.6_P0CI03,30,495.0
NPF5.6_P0CI03,31,498.0
NPF5.6_P0CI03,32,499.0
NPF5.6_P0CI03,33,502.0
NPF5.6_P0CI03,34,503.0
NPF5.6_P0CI03,35,506.0
NPF7.1_Q3E9B5,1,76.0
NPF7.1_Q3E9B5,2,77.0
NPF7.1_Q3E9B5,3,80.0
NPF7.1_Q3E9B5,4,81.0
NPF7.1_Q3E9B5,5,84.0
NPF7.1_Q3E9B5,6,117.0
NPF7.1_Q3E9B5,7,191.0
NPF7.1_Q3E9B5,8,192.0
NPF7.1_Q3E9B5,9,194.0
NPF7.1_Q3E9B5,10,195.0
NPF7.1_Q3E9B5,11,196.0
NPF7.1_Q3E9B5,12,199.0
NPF7.1_Q3E9B5,13,221.0
NPF7.1_Q3E9B5,14,224.0
NPF7.1_Q3E9B5,15,225.0
NPF7.1_Q3E9B5,16,228.0
NPF7.1_Q3E9B5,17,372.0
NPF7.1_Q3E9B5,18,375.0
NPF7.1_Q3E9B5,19,376.0
NPF7.1_Q3E9B5,20,379.0
NPF7.1_Q3E9B5,21,380.0
NPF7.1_Q3E9B5,22,381.0
NPF7.1_Q3E9B5,23,384.0
NPF7.1_Q3E9B5,24,415.0
NPF7.1_Q3E9B5,25,419.0
NPF7.1_Q3E9B5,26,487.0
NPF7.1_Q3E9B5,27,488.0
NPF7.1_Q3E9B5,28,492.0
NPF7.1_Q3E9B5,29,496.0
NPF7.1_Q3E9B5,30,512.0
NPF7.1_Q3E9B5,31,515.0
NPF7.1_Q3E9B5,32,516.0
NPF7.1_Q3E9B5,33,519.0
NPF7.1_Q3E9B5,34,520.0
NPF7.1_Q3E9B5,35,523.0
NPF6.1_Q9LYR6,1,81.0
NPF6.1_Q9LYR6,2,82.0
NPF6.1_Q9LYR6,3,85.0
NPF6.1_Q9LYR6,4,86.0
NPF6.1_Q9LYR6,5,89.0
NPF6.1_Q9LYR6,6,122.0
NPF6.1_Q9LYR6,7,201.0
NPF6.1_Q9LYR6,8,202.0
NPF6.1_Q9LYR6,9,204.0
NPF6.1_Q9LYR6,10,205.0
NPF6.1_Q9LYR6,11,206.0
NPF6.1_Q9LYR6,12,209.0
NPF6.1_Q9LYR6,13,235.0
NPF6.1_Q9LYR6,14,238.0
NPF6.1_Q9LYR6,15,239.0
NPF6.1_Q9LYR6,16,242.0
NPF6.1_Q9LYR6,17,385.0
NPF6.1_Q9LYR6,18,388.0
NPF6.1_Q9LYR6,19,389.0
NPF6.1_Q9LYR6,20,392.0
NPF6.1_Q9LYR6,21,393.0
NPF6.1_Q9LYR6,22,394.0
NPF6.1_Q9LYR6,23,397.0
NPF6.1_Q9LYR6,24,428.0
NPF6.1_Q9LYR6,25,432.0
NPF6.1_Q9LYR6,26,515.0
NPF6.1_Q9LYR6,27,516.0
NPF6.1_Q9LYR6,28,520.0
NPF6.1_Q9LYR6,29,524.0
NPF6.1_Q9LYR6,30,540.0
NPF6.1_Q9LYR6,31,543.0
NPF6.1_Q9LYR6,32,544.0
NPF6.1_Q9LYR6,33,547.0
NPF6.1_Q9LYR6,34,548.0
NPF6.1_Q9LYR6,35,551.0
NPF5.15_Q9SK99,1,47.0
NPF5.15_Q9SK99,2,48.0
NPF5.15_Q9SK99,3,51.0
NPF5.15_Q9SK99,4,52.0
NPF5.15_Q9SK99,5,55.0
NPF5.15_Q9SK99,6,88.0
NPF5.15_Q9SK99,7,160.0
NPF5.15_Q9SK99,8,161.0
NPF5.15_Q9SK99,9,163.0
NPF5.15_Q9SK99,10,164.0
NPF5.15_Q9SK99,11,165.0
NPF5.15_Q9SK99,12,168.0
NPF5.15_Q9SK99,13,194.0
NPF5.15_Q9SK99,14,197.0
NPF5.15_Q9SK99,15,198.0
NPF5.15_Q9SK99,16,201.0
NPF5.15_Q9SK99,17,337.0
NPF5.15_Q9SK99,18,340.0
NPF5.15_Q9SK99,19,341.0
NPF5.15_Q9SK99,20,344.0
NPF5.15_Q9SK99,21,345.0
NPF5.15_Q9SK99,22,346.0
NPF5.15_Q9SK99,23,349.0
NPF5.15_Q9SK99,24,381.0
NPF5.15_Q9SK99,25,385.0
NPF5.15_Q9SK99,26,467.0
NPF5.15_Q9SK99,27,468.0
NPF5.15_Q9SK99,28,472.0
NPF5.15_Q9SK99,29,476.0
NPF5.15_Q9SK99,30,492.0
NPF5.15_Q9SK99,31,495.0
NPF5.15_Q9SK99,32,496.0
NPF5.15_Q9SK99,33,499.0
NPF5.15_Q9SK99,34,500.0
NPF5.15_Q9SK99,35,503.0
NPF2.14_Q9CAR9,1,35.0
NPF2.14_Q9CAR9,2,36.0
NPF2.14_Q9CAR9,3,39.0
NPF2.14_Q9CAR9,4,40.0
NPF2.14_Q9CAR9,5,43.0
NPF2.14_Q9CAR9,6,76.0
NPF2.14_Q9CAR9,7,152.0
NPF2.14_Q9CAR9,8,153.0
NPF2.14_Q9CAR9,9,155.0
NPF2.14_Q9CAR9,10,156.0
NPF2.14_Q9CAR9,11,157.0
NPF2.14_Q9CAR9,12,160.0
NPF2.14_Q9CAR9,13,186.0
NPF2.14_Q9CAR9,14,189.0
NPF2.14_Q9CAR9,15,190.0
NPF2.14_Q9CAR9,16,193.0
NPF2.14_Q9CAR9,17,332.0
NPF2.14_Q9CAR9,18,335.0
NPF2.14_Q9CAR9,19,336.0
NPF2.14_Q9CAR9,20,339.0
NPF2.14_Q9CAR9,21,340.0
NPF2.14_Q9CAR9,22,341.0
NPF2.14_Q9CAR9,23,344.0
NPF2.14_Q9CAR9,24,377.0
NPF2.14_Q9CAR9,25,381.0
NPF2.14_Q9CAR9,26,454.0
NPF2.14_Q9CAR9,27,455.0
NPF2.14_Q9CAR9,28,459.0
NPF2.14_Q9CAR9,29,463.0
NPF2.14_Q9CAR9,30,479.0
NPF2.14_Q9CAR9,31,482.0
NPF2.14_Q9CAR9,32,483.0
NPF2.14_Q9CAR9,33,486.0
NPF2.14_Q9CAR9,34,487.0
NPF2.14_Q9CAR9,35,490.0
NPF4.4_Q56XQ6,1,55.0
NPF4.4_Q56XQ6,2,56.0
NPF4.4_Q56XQ6,3,59.0
NPF4.4_Q56XQ6,4,60.0
NPF4.4_Q56XQ6,5,63.0
NPF4.4_Q56XQ6,6,96.0
NPF4.4_Q56XQ6,7,172.0
NPF4.4_Q56XQ6,8,173.0
NPF4.4_Q56XQ6,9,175.0
NPF4.4_Q56XQ6,10,176.0
NPF4.4_Q56XQ6,11,177.0
NPF4.4_Q56XQ6,12,180.0
NPF4.4_Q56XQ6,13,203.0
NPF4.4_Q56XQ6,14,206.0
NPF4.4_Q56XQ6,15,207.0
NPF4.4_Q56XQ6,16,210.0
NPF4.4_Q56XQ6,17,348.0
NPF4.4_Q56XQ6,18,351.0
NPF4.4_Q56XQ6,19,352.0
NPF4.4_Q56XQ6,20,355.0
NPF4.4_Q56XQ6,21,356.0
NPF4.4_Q56XQ6,22,357.0
NPF4.4_Q56XQ6,23,360.0
NPF4.4_Q56XQ6,24,392.0
NPF4.4_Q56XQ6,25,396.0
NPF4.4_Q56XQ6,26,470.0
NPF4.4_Q56XQ6,27,471.0
NPF4.4_Q56XQ6,28,475.0
NPF4.4_Q56XQ6,29,479.0
NPF4.4_Q56XQ6,30,495.0
NPF4.4_Q56XQ6,31,498.0
NPF4.4_Q56XQ6,32,499.0
NPF4.4_Q56XQ6,33,502.0
NPF4.4_Q56XQ6,34,503.0
NPF4.4_Q56XQ6,35,506.0
NPF5.3_Q9FNL8,1,44.0
NPF5.3_Q9FNL8,2,45.0
NPF5.3_Q9FNL8,3,48.0
NPF5.3_Q9FNL8,4,49.0
NPF5.3_Q9FNL8,5,52.0
NPF5.3_Q9FNL8,6,85.0
NPF5.3_Q9FNL8,7,160.0
NPF5.3_Q9FNL8,8,161.0
NPF5.3_Q9FNL8,9,163.0
NPF5.3_Q9FNL8,10,164.0
NPF5.3_Q9FNL8,11,165.0
NPF5.3_Q9FNL8,12,168.0
NPF5.3_Q9FNL8,13,194.0
NPF5.3_Q9FNL8,14,197.0
NPF5.3_Q9FNL8,15,198.0
NPF5.3_Q9FNL8,16,201.0
NPF5.3_Q9FNL8,17,339.0
NPF5.3_Q9FNL8,18,342.0
NPF5.3_Q9FNL8,19,343.0
NPF5.3_Q9FNL8,20,346.0
NPF5.3_Q9FNL8,21,347.0
NPF5.3_Q9FNL8,22,348.0
NPF5.3_Q9FNL8,23,351.0
NPF5.3_Q9FNL8,24,383.0
NPF5.3_Q9FNL8,25,387.0
NPF5.3_Q9FNL8,26,469.0
NPF5.3_Q9FNL8,27,470.0
NPF5.3_Q9FNL8,28,474.0
NPF5.3_Q9FNL8,29,478.0
NPF5.3_Q9FNL8,30,494.0
NPF5.3_Q9FNL8,31,497.0
NPF5.3_Q9FNL8,32,498.0
NPF5.3_Q9FNL8,33,501.0
NPF5.3_Q9FNL8,34,502.0
NPF5.3_Q9FNL8,35,505.0
NPF4.2_Q9LSE8,1,38.0
NPF4.2_Q9LSE8,2,39.0
NPF4.2_Q9LSE8,3,42.0
NPF4.2_Q9LSE8,4,43.0
NPF4.2_Q9LSE8,5,46.0
NPF4.2_Q9LSE8,6,79.0
NPF4.2_Q9LSE8,7,146.0
NPF4.2_Q9LSE8,8,147.0
NPF4.2_Q9LSE8,9,149.0
NPF4.2_Q9LSE8,10,150.0
NPF4.2_Q9LSE8,11,151.0
NPF4.2_Q9LSE8,12,154.0
NPF4.2_Q9LSE8,13,177.0
NPF4.2_Q9LSE8,14,180.0
NPF4.2_Q9LSE8,15,181.0
NPF4.2_Q9LSE8,16,184.0
NPF4.2_Q9LSE8,17,307.0
NPF4.2_Q9LSE8,18,310.0
NPF4.2_Q9LSE8,19,311.0
NPF4.2_Q9LSE8,20,314.0
NPF4.2_Q9LSE8,21,315.0
NPF4.2_Q9LSE8,22,316.0
NPF4.2_Q9LSE8,23,319.0
NPF4.2_Q9LSE8,24,351.0
NPF4.2_Q9LSE8,25,355.0
NPF4.2_Q9LSE8,26,428.0
NPF4.2_Q9LSE8,27,429.0
NPF4.2_Q9LSE8,28,433.0
NPF4.2_Q9LSE8,29,437.0
NPF4.2_Q9LSE8,30,453.0
NPF4.2_Q9LSE8,31,456.0
NPF4.2_Q9LSE8,32,457.0
NPF4.2_Q9LSE8,33,460.0
NPF4.2_Q9LSE8,34,461.0
NPF4.2_Q9LSE8,35,464.0
NPF2.6_Q9M1E1,1,38.0
NPF2.6_Q9M1E1,2,39.0
NPF2.6_Q9M1E1,3,42.0
NPF2.6_Q9M1E1,4,43.0
NPF2.6_Q9M1E1,5,46.0
NPF2.6_Q9M1E1,6,79.0
NPF2.6_Q9M1E1,7,153.0
NPF2.6_Q9M1E1,8,154.0
NPF2.6_Q9M1E1,9,156.0
NPF2.6_Q9M1E1,10,157.0
NPF2.6_Q9M1E1,11,158.0
NPF2.6_Q9M1E1,12,161.0
NPF2.6_Q9M1E1,13,182.0
NPF2.6_Q9M1E1,14,185.0
NPF2.6_Q9M1E1,15,186.0
NPF2.6_Q9M1E1,16,189.0
NPF2.6_Q9M1E1,17,325.0
NPF2.6_Q9M1E1,18,328.0
NPF2.6_Q9M1E1,19,329.0
NPF2.6_Q9M1E1,20,332.0
NPF2.6_Q9M1E1,21,333.0
NPF2.6_Q9M1E1,22,334.0
NPF2.6_Q9M1E1,23,337.0
NPF2.6_Q9M1E1,24,369.0
NPF2.6_Q9M1E1,25,373.0
NPF2.6_Q9M1E1,26,452.0
NPF2.6_Q9M1E1,27,453.0
NPF2.6_Q9M1E1,28,457.0
NPF2.6_Q9M1E1,29,461.0
NPF2.6_Q9M1E1,30,477.0
NPF2.6_Q9M1E1,31,480.0
NPF2.6_Q9M1E1,32,481.0
NPF2.6_Q9M1E1,33,484.0
NPF2.6_Q9M1E1,34,485.0
NPF2.6_Q9M1E1,35,488.0
NPF2.1_Q9M171,1,
NPF2.1_Q9M171,2,37.0
NPF2.1_Q9M171,3,40.0
NPF2.1_Q9M171,4,41.0
NPF2.1_Q9M171,5,44.0
NPF2.1_Q9M171,6,77.0
NPF2.1_Q9M171,7,151.0
NPF2.1_Q9M171,8,152.0
NPF2.1_Q9M171,9,154.0
NPF2.1_Q9M171,10,155.0
NPF2.1_Q9M171,11,156.0
NPF2.1_Q9M171,12,159.0
NPF2.1_Q9M171,13,180.0
NPF2.1_Q9M171,14,183.0
NPF2.1_Q9M171,15,184.0
NPF2.1_Q9M171,16,187.0
NPF2.1_Q9M171,17,331.0
NPF2.1_Q9M171,18,334.0
NPF2.1_Q9M171,19,335.0
NPF2.1_Q9M171,20,338.0
NPF2.1_Q9M171,21,339.0
NPF2.1_Q9M171,22,340.0
NPF2.1_Q9M171,23,343.0
NPF2.1_Q9M171,24,375.0
NPF2.1_Q9M171,25,379.0
NPF2.1_Q9M171,26,450.0
NPF2.1_Q9M171,27,451.0
NPF2.1_Q9M171,28,455.0
NPF2.1_Q9M171,29,459.0
NPF2.1_Q9M171,30,475.0
NPF2.1_Q9M171,31,478.0
NPF2.1_Q9M171,32,479.0
NPF2.1_Q9M171,33,482.0
NPF2.1_Q9M171,34,483.0
NPF2.1_Q9M171,35,486.0
